Gen,Condicion,Cx1,Cx2,Cx3,T1,T2,T3
U6 snRNA-001973,Control,13.7904,11.7446,11.9293,13.1954,12.9566,12.6417
ath-miR159a-000338,Target,35,35,35,35,35,35
hsa-let-7a-000377,Target,20.4943,21.0031,21.0073,20.382,19.5925,20.9335
hsa-let-7b-002619,Target,18.3545,19.0325,19.1368,18.2551,17.45,18.9675
hsa-let-7c-000379,Target,22.1791,23.6921,23.7763,22.9127,21.9639,23.9877
hsa-let-7d-002283,Target,22.1898,22.6786,21.866,21.9711,21.2081,21.941
hsa-let-7e-002406,Target,17.9679,18.3915,18.4673,18.0119,17.2932,18.5586
hsa-let-7f-000382,Target,24.4193,25.1568,24.671,23.7532,22.9934,24.9355
hsa-let-7g-002282,Target,22.0807,22.1273,22.4988,22.29,21.9771,22.7854
hsa-miR-1-002222,Target,31.404,32.9261,32.459,32.9738,31.805,33.6066
hsa-miR-100-000437,Target,17.1842,16.3697,16.2578,16.9118,17.0097,15.9572
hsa-miR-101-002253,Target,28.7663,30.4604,30.606,28.968,29.3582,29.9875
hsa-miR-103-000439,Target,23.1102,25.3917,25.4559,23.268,23.0229,25.3552
hsa-miR-105-002167,Target,35,28.5032,28.6299,35,35,28.8142
hsa-miR-106a-002169,Target,21.2702,18.7816,18.8137,20.9608,21.8622,18.8862
hsa-miR-106b-000442,Target,23.9706,23.6148,23.7402,23.7851,24.9619,23.9942
hsa-miR-107-000443,Target,27.7651,29.3746,30.0322,27.8917,27.5118,29.6193
hsa-miR-10a-000387,Target,24.5566,23.1561,23.291,22.8905,23.7224,23.0163
hsa-miR-10b-002218,Target,35,21.9981,22.3621,35,35,22.5818
hsa-miR-122-002245,Target,35,28.006,28.7248,35,32.8802,30.0006
hsa-miR-125a-3p-002199,Target,28.7372,27.5036,27.7447,29.2196,28.5925,27.9771
hsa-miR-125a-5p-002198,Target,22.7898,20.6917,20.9437,22.9812,21.7788,20.8035
hsa-miR-125b-000449,Target,17.6425,16.9869,17.1002,17.9597,17.6723,17.0977
hsa-miR-126-002228,Target,22.6277,29.5535,29.501,22.9822,22.3351,29.959
hsa-miR-127-000452,Target,19.9732,24.6113,24.9417,19.8525,20.1019,24.5569
hsa-miR-127-5p-002229,Target,33.3482,35,35,32.5652,33.9369,33.9941
hsa-miR-128a-002216,Target,26.5876,27.9605,27.9686,26.8143,26.8259,28.5258
hsa-miR-129-000590,Target,35,27.8885,28.1913,35,35,35
hsa-miR-130a-000454,Target,24.346,26.5305,25.6948,23.5836,24.3766,25.5295
hsa-miR-130b-000456,Target,25.1588,24.6795,24.9755,24.976,25.6858,24.9714
hsa-miR-132-000457,Target,23.4751,23.8956,23.3317,22.7794,21.9804,23.6995
hsa-miR-133a-002246,Target,28.4458,28.7252,28.7927,28.9675,27.6741,28.9876
hsa-miR-133b-002247,Target,33.068,35,35,35,31.0703,35
hsa-miR-135a-000460,Target,34.4419,35,33.8547,31.9566,35,34.1264
hsa-miR-135b-002261,Target,29.6619,27.7447,27.8353,30.9417,34.2654,27.9096
hsa-miR-136-000592,Target,35,35,35,35,35,35
hsa-miR-138-002284,Target,21.8366,20.4911,20.5871,21.687,23.9798,20.5202
hsa-miR-139-3p-002313,Target,35,25.1274,26.8515,35,35,35
hsa-miR-139-5p-002289,Target,26.6244,24.8093,24.9557,26.5925,26.2034,25.1261
hsa-miR-140-3p-002234,Target,25.3564,26.9582,27.8588,26.9743,25.277,28.0004
hsa-miR-141-000463,Target,35,33.9162,32.2607,33.9649,35,33.1854
hsa-miR-142-3p-000464,Target,34.2525,31.7425,31.8339,34.99,35,30.9386
hsa-miR-142-5p-002248,Target,35,35,35,35,35,35
hsa-miR-143-002249,Target,20.7246,27.9749,28.3823,20.8908,20.9621,27.5705
hsa-miR-145-002278,Target,16.9516,25.2183,25.6571,17.3042,16.4377,24.4908
hsa-miR-146a-000468,Target,19.4856,22.9866,23.4381,19.995,20.0182,23.5143
hsa-miR-146b-001097,Target,24.2031,23.4344,23.747,24.6597,23.9163,23.9396
hsa-miR-146b-3p-002361,Target,30.4131,35,34.4064,32.5481,34.683,34.0334
hsa-miR-147-000469,Target,35,35,35,35,35,35
hsa-miR-147b-002262,Target,35,35,35,35,35,35
hsa-miR-148a-000470,Target,32.4332,35,34.0466,30.8037,30.991,31.3498
hsa-miR-148b-000471,Target,24.6915,26.9032,27.0361,24.6551,25.1731,27.7364
hsa-miR-149-002255,Target,21.9755,24.2152,24.7488,22.1605,22.5456,24.8533
hsa-miR-150-000473,Target,31.4298,29.6258,29.7975,30.9102,29.9528,30.9313
hsa-miR-152-000475,Target,21.9342,24.0647,23.8413,21.9646,21.4803,23.9721
hsa-miR-154-000477,Target,30.1533,35,35,29.3733,29.2842,35
hsa-miR-155-002623,Target,25.154,21.3509,21.5207,25.7469,25.6784,21.9915
hsa-miR-15a-000389,Target,26.008,35,35,26.0983,35,35
hsa-miR-15b-000390,Target,22.4101,20.6291,20.9112,22.5394,22.9567,20.9612
hsa-miR-16-000391,Target,20.7226,19.6295,19.4613,20.8608,20.6109,19.9609
hsa-miR-17-002308,Target,21.1581,18.7412,18.6103,20.849,21.9638,18.8357
hsa-miR-181a-000480,Target,22.1015,22.8594,23.0411,22.4029,21.2534,22.8578
hsa-miR-181c-000482,Target,26.8742,29.4528,28.9066,26.4327,25.514,28.9356
hsa-miR-182-002334,Target,33.3667,29.9529,30.6525,35,31.4762,30.5409
hsa-miR-183-002269,Target,35,30.3448,31.4471,35,31.9492,31.045
hsa-miR-184-000485,Target,28.2493,28.5308,28.3554,27.9663,25.1445,28.981
hsa-miR-185-002271,Target,26.5009,27.053,27.4944,26.6768,26.3695,27.9158
hsa-miR-186-002285,Target,25.8768,25.976,24.4452,24.0049,23.3129,24.6534
hsa-miR-188-3p-002106,Target,35,35,35,35,35,35
hsa-miR-18a-002422,Target,26.5524,26.3201,26.5694,26.8782,29.4289,26.9458
hsa-miR-18b-002217,Target,25.4738,26.4849,26.3807,26.1009,28.9312,26.9839
hsa-miR-190-000489,Target,32.4532,35,34.0166,30.2725,33.0205,32.8387
hsa-miR-191-002299,Target,19.9242,17.5623,17.7249,19.9875,18.9561,17.7972
hsa-miR-192-000491,Target,28.248,26.8564,26.677,26.994,27.3161,26.9622
hsa-miR-193a-3p-002250,Target,32.3034,34.3268,33.8948,32.9979,35,34.7399
hsa-miR-193a-5p-002281,Target,22.5706,24.132,24.3461,22.9652,22.4883,23.9668
hsa-miR-193b-002367,Target,19.1962,20.3502,20.9343,19.4715,19.423,20.6151
hsa-miR-194-000493,Target,27.9272,26.933,26.8486,27.8855,27.592,26.9742
hsa-miR-195-000494,Target,25.5076,23.8031,23.2367,24.4744,24.2761,23.3285
hsa-miR-196b-002215,Target,33.3419,31.2497,31.9432,33.0188,29.6818,32.2277
hsa-miR-197-000497,Target,21.9066,22.0293,21.8845,22.0374,21.744,21.7852
hsa-miR-198-002273,Target,31.8007,35,35,31.9502,30.5995,35
hsa-miR-199a-000498,Target,27.9243,35,35,27.8526,28.4539,35
hsa-miR-199a-3p-002304,Target,19.6249,31.0915,31.541,19.9771,19.9733,30.988
hsa-miR-199b-000500,Target,31.0619,32.8575,35,29.7287,30.0682,35
hsa-miR-19a-000395,Target,23.6334,23.7632,23.6863,23.858,25.2708,23.9876
hsa-miR-19b-000396,Target,19.0076,17.5359,17.5505,19.0042,20.4634,17.9763
hsa-miR-200a-000502,Target,35,35,35,35,35,35
hsa-miR-200b-002251,Target,28.7751,27.7942,27.1686,29.0413,27.6054,28.1096
hsa-miR-200c-002300,Target,26.2356,23.562,23.9736,26.6287,25.105,24.3665
hsa-miR-202-002363,Target,35,35,35,35,32.1273,35
hsa-miR-203-000507,Target,31.2377,32.9048,32.5609,31.0055,29.8854,34.5148
hsa-miR-204-000508,Target,27.3882,24.0055,23.8882,26.6292,26.7648,23.9772
hsa-miR-205-000509,Target,35,35,35,35,35,35
hsa-miR-208-000511,Target,35,35,35,35,35,35
hsa-miR-208b-002290,Target,35,35,35,31.9085,35,35
hsa-miR-20a-000580,Target,22.1805,19.4316,19.6637,21.9129,22.9693,19.802
hsa-miR-20b-001014,Target,25.2151,23.4477,22.9479,24.9538,26.0627,23.3696
hsa-miR-21-000397,Target,18.0571,18.3377,18.3112,18.159,18.3263,18.8088
hsa-miR-210-000512,Target,23.8198,20.2532,20.3354,23.9207,22.4914,19.9258
hsa-miR-211-000514,Target,35,35,35,35,35,35
hsa-miR-212-000515,Target,26.8497,27.3987,26.7051,26.398,25.8183,27.3583
hsa-miR-214-002306,Target,20.6487,35,35,20.9756,20.964,35
hsa-miR-215-000518,Target,35,26.5035,25.7416,35,32.1309,27.1357
hsa-miR-216a-002220,Target,35,35,35,34.9888,34.6167,35
hsa-miR-216b-002326,Target,35,35,33.2156,35,35,35
hsa-miR-217-002337,Target,34.0636,35,35,33.106,31.421,35
hsa-miR-218-000521,Target,23.5808,23.7079,23.7137,23.7236,23.962,23.9337
hsa-miR-219-000522,Target,35,35,35,35,35,35
hsa-miR-219-1-3p-002095,Target,33.6151,32.9308,31.6743,34.2894,33.2488,35
hsa-miR-219-2-3p-002390,Target,17.8506,35,35,35,17.7385,35
hsa-miR-22-000398,Target,21.4288,22.524,22.8326,21.9618,21.6114,22.8458
hsa-miR-220-000523,Target,35,35,35,35,35,35
hsa-miR-220b-002206,Target,35,35,35,35,35,35
hsa-miR-220c-002211,Target,35,35,35,35,35,35
hsa-miR-221-000524,Target,19.421,19.6267,19.927,19.5761,19.979,19.9787
hsa-miR-222-002276,Target,17.5288,16.1093,15.9082,16.953,16.7735,15.867
hsa-miR-223-002295,Target,28.8242,28.5622,28.2932,28.9625,27.9632,28.9878
hsa-miR-224-002099,Target,24.5662,26.8962,28.0007,25.0058,25.2553,27.2486
hsa-miR-23a-000399,Target,21.4353,22.0929,22.9494,21.7975,20.3423,22.4902
hsa-miR-23b-000400,Target,35,35,35,35,22.4866,35
hsa-miR-24-000402,Target,14.9831,18.0162,17.812,14.8196,14.8002,17.778
hsa-miR-25-000403,Target,26.0739,23.5346,23.5538,25.4411,25.1703,23.6368
hsa-miR-26a-000405,Target,21.0767,20.9282,20.5845,20.9373,20.4515,20.6825
hsa-miR-26b-000407,Target,25.5506,26.0147,24.3265,23.2096,22.9306,24.5727
hsa-miR-27a-000408,Target,20.7635,22.872,22.9721,20.8403,21.5161,22.9912
hsa-miR-27b-000409,Target,22.6878,24.9834,24.8416,22.9735,22.4523,24.9563
hsa-miR-28-000411,Target,23.9489,24.4875,24.6667,23.9687,24.1315,24.6628
hsa-miR-28-3p-002446,Target,23.9362,22.9374,22.9482,23.6522,23.5132,22.9681
hsa-miR-296-000527,Target,25.5044,22.8119,22.2162,24.9628,25.0241,22.3322
hsa-miR-296-3p-002101,Target,32.2047,29.9479,30.0615,32.1306,33.155,30.8769
hsa-miR-298-002190,Target,35,35,35,35,35,35
hsa-miR-299-3p-001015,Target,35,35,35,34.3323,35,35
hsa-miR-299-5p-000600,Target,27.8302,33.7243,33.6117,27.6923,28.6185,31.9224
hsa-miR-29a-002112,Target,17.7958,15.4736,15.6943,17.9283,18.0485,15.948
hsa-miR-29b-000413,Target,27.2496,27.3365,27.6278,27.2321,29.2435,27.1071
hsa-miR-29c-000587,Target,28.4821,25.7545,22.9819,24.6941,24.9893,22.9777
hsa-miR-301-000528,Target,25.9018,29.8194,30.1763,26.1037,27.6661,29.93
hsa-miR-301b-002392,Target,31.3422,34.0557,34.038,31.0681,32.8704,33.5896
hsa-miR-302a-000529,Target,26.6572,31.0638,30.8412,26.5396,27.738,33.9067
hsa-miR-302b-000531,Target,26.4499,35,32.4555,24.241,25.2628,35
hsa-miR-302c-000533,Target,20.1447,18.5799,17.5011,20.2077,19.7817,16.9182
hsa-miR-30b-000602,Target,19.9296,19.7922,19.9787,19.9608,19.5113,19.8087
hsa-miR-30c-000419,Target,19.2986,19.4686,19.7008,19.5294,18.9472,19.9385
hsa-miR-31-002279,Target,17.9613,35,35,17.9723,18.8527,35
hsa-miR-32-002109,Target,32.4208,32.0226,33.0692,33.1333,34.9956,33.9422
hsa-miR-320-002277,Target,21.0287,20.6356,20.8985,20.9633,20.9126,20.9899
hsa-miR-323-3p-002227,Target,24.5409,30.6626,29.7233,24.9984,25.3949,29.9868
hsa-miR-324-3p-002161,Target,24.4317,24.9949,25.3375,24.6326,24.2369,25.5351
hsa-miR-324-5p-000539,Target,25.8336,27.7429,27.8316,25.695,27.2195,27.9357
hsa-miR-325-000540,Target,35,35,35,35,35,35
hsa-miR-326-000542,Target,35,35,35,35,35,35
hsa-miR-328-000543,Target,23.6173,25.4687,25.3092,23.3604,23.4081,24.9623
hsa-miR-329-001101,Target,29.4521,31.5488,32.6921,28.9118,28.8116,33.2758
hsa-miR-330-000544,Target,26.6665,29.0762,29.7747,26.5451,26.2791,28.9413
hsa-miR-330-5p-002230,Target,35,35,35,35,35,35
hsa-miR-331-000545,Target,20.2197,23.3293,23.534,20.3942,20.4482,23.9793
hsa-miR-331-5p-002233,Target,31.9606,31.0031,32.9503,31.7499,31.8273,32.9192
hsa-miR-335-000546,Target,24.2454,24.4315,24.5747,24.0315,24.3894,24.9792
hsa-miR-337-5p-002156,Target,26.2795,32.8238,32.9907,26.698,28.0132,31.5905
hsa-miR-338-3p-002252,Target,35,32.6933,35,35,35,35
hsa-miR-339-3p-002184,Target,25.3425,24.8721,24.9713,25.6065,25.1987,24.9558
hsa-miR-339-5p-002257,Target,23.2688,23.7366,23.7587,23.1596,23.2799,23.7883
hsa-miR-33b-002085,Target,35,35,35,35,35,35
hsa-miR-340-002258,Target,28.7923,34.8158,34.9261,28.9812,29.3378,35
hsa-miR-342-3p-002260,Target,22.6795,24.0445,24.8301,23.525,22.3214,24.9369
hsa-miR-342-5p-002147,Target,35,35,35,35,35,35
hsa-miR-345-002186,Target,24.4339,23.4562,23.7269,24.6602,24.7532,23.6684
hsa-miR-346-000553,Target,35,35,35,35,35,35
hsa-miR-34a-000426,Target,22.224,21.5043,21.6116,22.4376,22.9875,21.9742
hsa-miR-34c-000428,Target,27.8802,29.7562,28.905,27.8979,28.9742,31.3524
hsa-miR-361-000554,Target,26.7496,26.8064,26.8332,26.467,25.7003,26.5823
hsa-miR-362-001273,Target,26.6813,26.645,26.6676,26.9576,27.3982,27.0007
hsa-miR-362-3p-002117,Target,29.7233,30.3441,30.5111,29.8498,31.8152,30.9623
hsa-miR-363-001271,Target,30.1735,35,35,29.9695,30.961,35
hsa-miR-365-001020,Target,21.1924,23.5713,23.9867,21.9873,21.4217,23.9536
hsa-miR-367-000555,Target,21.2838,22.0683,21.9775,20.6152,20.9739,21.0362
hsa-miR-369-3p-000557,Target,32.6454,35,35,30.2015,30.9549,34.2414
hsa-miR-369-5p-001021,Target,30.0871,31.7511,33.1283,31.0929,31.976,35
hsa-miR-370-002275,Target,21.8525,27.706,28.3193,21.9928,23.0225,27.9805
hsa-miR-371-3p-002124,Target,35,35,35,35,35,35
hsa-miR-372-000560,Target,30.9695,30.8183,31.0196,32.232,35,30.7875
hsa-miR-373-000561,Target,33.7318,35,35,32.1537,35,35
hsa-miR-374-000563,Target,22.4239,23.9478,23.5417,24.927,21.8329,23.5946
hsa-miR-375-000564,Target,33.9749,30.8438,29.9533,32.5361,30.2871,29.9138
hsa-miR-376a-000565,Target,21.6177,25.5468,25.5026,21.3766,21.9836,25.6691
hsa-miR-376b-001102,Target,21.2426,20.102,20.2945,21.9505,21.9562,20.9136
hsa-miR-376c-002122,Target,20.6555,24.929,24.707,20.8858,20.5466,24.973
hsa-miR-377-000566,Target,29.2334,35,35,35,29.4096,35
hsa-miR-380-3p-000569,Target,29.022,35,35,28.8194,30.0459,35
hsa-miR-381-000571,Target,31.2013,34.9162,33.8318,29.9442,31.5,32.9306
hsa-miR-382-000572,Target,21.135,26.001,25.5358,21.5,20.9739,25.2822
hsa-miR-383-000573,Target,30.1418,35,35,29.8974,33.8038,35
hsa-miR-384-000574,Target,35,29.8287,35,35,35,35
hsa-miR-409-5p-002331,Target,27.1826,30.698,31.6619,27.8899,27.9703,33
hsa-miR-410-001274,Target,26.0595,31.5049,31.9588,25.4916,25.9439,31.5392
hsa-miR-411-001610,Target,22.1621,26.7104,26.4457,21.9709,22.8095,26.5967
hsa-miR-412-001023,Target,35,35,35,35,35,35
hsa-miR-422a-002297,Target,29.4427,28.4252,28.9237,29.5105,29.2054,29.0271
hsa-miR-423-5p-002340,Target,27.6129,27.48,27.7648,27.9799,27.8602,27.6757
hsa-miR-424-000604,Target,31.2845,29.7972,29.9342,30.7362,31.5915,29.9594
hsa-miR-425-5p-001516,Target,25.7417,23.6388,23.7988,25.7829,25.4497,23.9852
hsa-miR-429-001024,Target,33.0003,35,35,32.8334,32.3062,32.1144
hsa-miR-431-001979,Target,22.8577,20.6408,21.0244,22.9494,23.595,21.1621
hsa-miR-433-001028,Target,25.9636,27.521,29.0199,25.9846,26.9629,28.4184
hsa-miR-448-001029,Target,35,35,35,35,35,35
hsa-miR-449-001030,Target,34.1894,27.8508,28.5824,34.9406,34.6609,28.9957
hsa-miR-449b-001608,Target,33.9638,27.2243,27.5776,31.0673,31.9213,27.9937
hsa-miR-450a-002303,Target,30.1365,30.1336,31.0002,30.973,30.6525,30.4602
hsa-miR-450b-3p-002208,Target,35,35,35,35,35,35
hsa-miR-450b-5p-002207,Target,26.2167,35,35,35,35,35
hsa-miR-452-002329,Target,26.075,35,35,25.9957,26.4134,33.5673
hsa-miR-453-002318,Target,33.3558,35,35,32.4231,33.079,35
hsa-miR-454-002323,Target,24.1302,24.6817,24.4914,23.7072,23.9426,24.9581
hsa-miR-455-001280,Target,25.7999,26.5173,26.9021,25.9874,26.8834,26.6975
hsa-miR-455-3p-002244,Target,25.0864,24.0141,24.3662,24.9747,24.9328,23.958
hsa-miR-483-5p-002338,Target,31.8738,31.7597,30.9242,30.9578,29.3104,30.9793
hsa-miR-484-001821,Target,20.5453,20.4256,20.6426,20.6297,21.9716,20.8213
hsa-miR-485-3p-001277,Target,24.5997,29.4569,29.4626,24.746,25.9544,29.9647
hsa-miR-485-5p-001036,Target,24.9499,35,35,24.3365,25.309,35
hsa-miR-486-001278,Target,21.701,26.6083,26.1205,21.9375,20.7722,26.1488
hsa-miR-486-3p-002093,Target,35,35,35,35,35,35
hsa-miR-487a-001279,Target,27.2193,30.9082,35,27.0287,28.2653,35
hsa-miR-487b-001285,Target,23.9417,29.0236,29.7297,23.9834,24.3656,29.395
hsa-miR-488-002357,Target,35,35,35,35,35,35
hsa-miR-489-002358,Target,29.4393,28.9649,28.9872,28.9475,28.1337,28.9279
hsa-miR-490-001037,Target,31.5757,35,35,29.4096,29.7654,35
hsa-miR-491-3p-002360,Target,35,35,35,35,35,35
hsa-miR-492-001039,Target,35,35,35,35,35,35
hsa-miR-493-002364,Target,25.6036,31.5772,32.4932,25.7561,25.9819,31.9349
hsa-miR-494-002365,Target,22.599,26.6993,27.0022,22.8905,23.027,26.6607
hsa-miR-499-3p-002427,Target,35,35,35,35,35,35
hsa-miR-500-002428,Target,27.9451,27.6754,27.974,27.991,28.0865,28.2545
hsa-miR-501-001047,Target,26.6358,25.0859,26.4009,26.5872,26.8958,26.3976
hsa-miR-501-3p-002435,Target,35,35,35,35,35,35
hsa-miR-502-001109,Target,30.9672,31.3752,29.929,29.1306,29.5507,30.0368
hsa-miR-502-3p-002083,Target,28.9331,28.3838,28.9709,29.939,29.6193,29.1345
hsa-miR-503-001048,Target,29.9875,29.9125,29.9797,29.9015,30.4857,29.9772
hsa-miR-504-002084,Target,35,35,35,35,35,35
hsa-miR-505-002089,Target,27.3483,35,28.0957,27.2708,26.8554,28.7845
hsa-miR-506-001050,Target,35,35,35,35,35,35
hsa-miR-507-001051,Target,35,35,35,35,35,35
hsa-miR-508-001052,Target,33.5843,35,35,35,33.1222,32.9777
hsa-miR-508-5p-002092,Target,35,35,35,35,35,35
hsa-miR-509-3-5p-002155,Target,35,35,35,35,35,35
hsa-miR-509-5p-002235,Target,35,35,35,35,35,35
hsa-miR-510-002241,Target,35,35,35,35,35,35
hsa-miR-511-001111,Target,25.2305,35,35,24.4199,25.2596,33.5329
hsa-miR-512-3p-001823,Target,33.2034,26.9942,26.9286,32.839,31.57,26.9768
hsa-miR-512-5p-001145,Target,35,34.9522,35,35,35,35
hsa-miR-513-5p-002090,Target,35,35,35,35,35,35
hsa-miR-515-3p-002369,Target,25.3665,24.7458,24.547,25.914,24.3215,24.9034
hsa-miR-515-5p-001112,Target,35,35,35,35,35,34.7272
hsa-miR-516a-5p-002416,Target,35,35,35,35,35,35
hsa-miR-516b-001150,Target,35,31.3824,32.9704,35,35,31.586
hsa-miR-517a-002402,Target,34.3252,27.8745,27.8695,34.5796,33.0048,27.9393
hsa-miR-517b-001152,Target,35,35,35,35,34.9694,30.9536
hsa-miR-517c-001153,Target,32.298,28.2325,28.012,30.871,29.3685,27.8634
hsa-miR-518a-3p-002397,Target,35,30.7883,31.735,32.7414,35,31.5918
hsa-miR-518a-5p-002396,Target,35,35,35,35,35,35
hsa-miR-518b-001156,Target,35,29.0298,28.7513,35,26.1333,28.7288
hsa-miR-518c-002401,Target,35,35,35,35,35,35
hsa-miR-518d-001159,Target,35,31.6001,35,35,35,30.9198
hsa-miR-518d-5p-002389,Target,18.3523,35,19.1142,35,18.7895,35
hsa-miR-518e-002395,Target,35,29.9349,30.6028,35,35,30.6696
hsa-miR-518f-002388,Target,35,30.4808,29.9268,35,30.9099,30.1212
hsa-miR-519a-002415,Target,33.3566,28.5647,28.9749,32.9998,31.7817,28.8179
hsa-miR-519c-001163,Target,35,33.9513,33.0975,35,35,35
hsa-miR-519d-002403,Target,35,29.4629,29.6383,35,32.9095,29.2301
hsa-miR-519e-002370,Target,35,35,35,35,35,35
hsa-miR-520a#-001168,Target,35,31.5465,35,35,35,35
hsa-miR-520a-001167,Target,35,35,35,35,35,35
hsa-miR-520b-001116,Target,35,32.9112,32.7749,34.7753,35,30.9402
hsa-miR-520d-5p-002393,Target,35,35,35,35,35,35
hsa-miR-520e-001119,Target,35,35,35,35,26.9568,35
hsa-miR-520f-001120,Target,35,35,35,35,35,32.0765
hsa-miR-520g-001121,Target,35,29.1578,28.6315,35,35,29.8106
hsa-miR-521-001122,Target,35,35,35,35,35,35
hsa-miR-522-002413,Target,35,30.5778,31.0856,32.1294,31.9158,30.6507
hsa-miR-523-002386,Target,26.7105,28.1662,24.6828,25.932,23.1818,26.488
hsa-miR-524-5p-001982,Target,35,35,35,35,35,35
hsa-miR-525-001174,Target,35,35,35,35,35,35
hsa-miR-525-3p-002385,Target,35,31.4828,32.9343,35,35,33.4501
hsa-miR-526b-002382,Target,35,35,31.049,35,35,33.1295
hsa-miR-532-001518,Target,23.6649,23.5062,23.9596,23.9805,23.8187,23.8647
hsa-miR-532-3p-002355,Target,26.487,26.3807,26.9862,26.9473,26.022,26.141
hsa-miR-539-001286,Target,22.5273,27.3867,27.9532,22.7413,21.761,27.6272
hsa-miR-541-002201,Target,29.6878,35,35,29.8919,29.2724,35
hsa-miR-542-3p-001284,Target,33.3588,33.0168,31.9855,32.2027,32.0626,32.8653
hsa-miR-542-5p-002240,Target,33.0028,35,33.0332,33.6612,33.0928,33.9556
hsa-miR-544-002265,Target,33.9485,35,35,34.9629,35,35
hsa-miR-545-002267,Target,34.138,35,35,33.9756,35,34.3499
hsa-miR-548a-001538,Target,32.907,35,34.5055,35,35,35
hsa-miR-548a-5p-002412,Target,35,35,35,35,35,35
hsa-miR-548b-001541,Target,35,35,35,35,35,35
hsa-miR-548b-5p-002408,Target,33.5997,31.2707,30.4588,33.0227,32.1678,31.0396
hsa-miR-548c-001590,Target,35,35,35,35,35,35
hsa-miR-548c-5p-002429,Target,33.9738,32.7862,32.9726,35,34.7197,33.7392
hsa-miR-548d-001605,Target,29.1918,31.9736,32.7433,35,35,33.4802
hsa-miR-548d-5p-002237,Target,32.6023,31.4527,31.3075,34.3597,35,32.7414
hsa-miR-551b-001535,Target,30.3134,31.9744,32.6433,30.9762,30.5099,32.7658
hsa-miR-556-3p-002345,Target,35,35,35,35,35,35
hsa-miR-556-5p-002344,Target,35,35,35,35,35,35
hsa-miR-561-001528,Target,35,35,35,35,35,35
hsa-miR-570-002347,Target,35,32.8409,33.0334,35,35,35
hsa-miR-574-3p-002349,Target,19.7075,22.6817,22.965,19.8881,18.7702,22.6022
hsa-miR-576-3p-002351,Target,29.7422,29.0782,28.973,29.7148,29.9695,29.4768
hsa-miR-576-5p-002350,Target,29.5675,35,35,35,35,29.9943
hsa-miR-579-002398,Target,28.969,28.8615,28.9482,28.9637,29.4147,29.233
hsa-miR-582-3p-002399,Target,35,35,35,35,35,35
hsa-miR-582-5p-001983,Target,35,35,35,35,35,35
hsa-miR-589-002409,Target,30.1993,30.4569,31.4981,31.7194,29.0167,32.9319
hsa-miR-590-5p-001984,Target,26.9492,24.5299,23.8206,26.0001,27.1291,23.7006
hsa-miR-597-001551,Target,31.0778,30.0816,30.3894,30.0405,31.2571,30.5386
hsa-miR-598-001988,Target,25.5906,27.9549,27.9715,25.8178,25.0033,27.8426
hsa-miR-615-5p-002353,Target,35,35,35,35,35,35
hsa-miR-616-002414,Target,30.1992,29.231,28.9829,32.001,29.4812,29.1933
hsa-miR-618-001593,Target,27.7057,28.365,28.6439,28.9902,28.5005,28.2902
hsa-miR-624-002430,Target,35,29.8851,31.8175,35,35,35
hsa-miR-625-002431,Target,30.6107,26.7206,27.9518,32.0604,30.9379,27.9961
hsa-miR-627-001560,Target,34.2889,34.07,33.8567,32.5366,33.6125,35
hsa-miR-628-5p-002433,Target,27.1425,28.9028,28.8614,26.9555,25.2536,28.9512
hsa-miR-629-002436,Target,31.4607,29.4903,30.5598,31.5634,31.6301,29.9718
hsa-miR-636-002088,Target,29.8282,28.4166,28.7373,30.4015,29.8917,28.6963
hsa-miR-642-001592,Target,28.5587,28.4256,28.9849,28.9785,28.574,28.4485
hsa-miR-651-001604,Target,35,35,35,35,35,35
hsa-miR-652-002352,Target,26.9997,25.7236,26.0452,27.9557,27.5361,25.898
hsa-miR-653-002292,Target,35,35,35,35,34.1209,35
hsa-miR-654-001611,Target,25.1842,28.1723,35,25.2865,24.0911,35
hsa-miR-654-3p-002239,Target,28.8624,32.961,31.7706,28.4531,27.4303,31.1432
hsa-miR-655-001612,Target,24.9299,28.8165,28.996,24.977,24.6005,28.9494
hsa-miR-660-001515,Target,24.2107,25.1594,25.9051,24.5624,24.5466,25.6791
hsa-miR-671-3p-002322,Target,26.7198,24.3848,24.9771,26.8283,26.3512,24.789
hsa-miR-672-002327,Target,35,35,35,35,35,35
hsa-miR-674-002021,Target,35,35,35,35,35,35
hsa-miR-708-002341,Target,26.8106,24.4514,24.3538,25.9591,26.4908,23.9813
hsa-miR-744-002324,Target,23.4721,25.7255,25.968,23.3852,22.9501,25.6636
hsa-miR-758-001990,Target,26.5638,29.3505,30.015,26.7774,26.6843,28.3819
hsa-miR-871-002354,Target,35,35,35,35,35,35
hsa-miR-872-002264,Target,35,35,35,35,35,35
hsa-miR-873-002356,Target,35,35,35,35,35,33.6272
hsa-miR-875-3p-002204,Target,35,35,35,35,35,35
hsa-miR-876-3p-002225,Target,35,32.5675,33.3971,35,35,35
hsa-miR-876-5p-002205,Target,35,35,35,35,35,35
hsa-miR-885-3p-002372,Target,35,35,35,35,35,35
hsa-miR-885-5p-002296,Target,32.1185,30.4189,30.3889,31.6904,31.0784,30.6543
hsa-miR-886-3p-002194,Target,24.8248,23.5754,23.965,24.9583,25.9342,23.6284
hsa-miR-886-5p-002193,Target,27.4351,26.4594,26.9634,27.5238,26.5558,26.8619
hsa-miR-887-002374,Target,35,35,35,35,35,35
hsa-miR-888-002212,Target,18.6783,18.2445,18.0508,19.8225,17.0137,19.6184
hsa-miR-889-002202,Target,25.8679,28.9587,30.0101,25.9436,25.9623,31.5533
hsa-miR-890-002209,Target,26.8875,24.2637,23.6485,26.1558,26.7817,23.9183
hsa-miR-891a-002191,Target,35,30.9048,31.475,35,35,31.9749
hsa-miR-891b-002210,Target,35,35,35,35,35,35
hsa-miR-892a-002195,Target,35,35,35,35,35,35
hsa-miR-9-000583,Target,30.6361,19.7757,19.7978,30.2184,28.8227,19.9624
hsa-miR-92a-000431,Target,23.6933,20.3502,20.5109,23.9561,24.8611,20.9552
hsa-miR-95-000433,Target,31.6879,35,35,30.2153,29.6031,32.6015
hsa-miR-98-000577,Target,35,35,35,33.7341,35,35
hsa-miR-99a-000435,Target,16.9362,16.6069,15.8829,16.4009,16.2209,15.9523
hsa-miR-99b-000436,Target,20.2182,19.8071,19.8771,20.929,20.0115,19.9921
RNU44-001094,Control,17.253,16.8649,16.8359,17.6667,17.3156,16.7527
RNU48-001006,Control,15.1057,16.4211,16.9914,16.0151,15.0702,16.4404
